Experience Level,Skills Acquired,Description
Intern,"Communication Skills,Professional Development
Entry Level,"Adaptability,Basic Organizational Skills
Junior,"Interpersonal Skills,Project Coordination
Associate,"Communication Skills,Leadership Development
Mid Level,"Communication Skills,Project Management
Senior Level,"Leadership Skills,Project Management
Lead,"Decision-Making Skills,Leadership Development
Principal,"Communication Skills,Leadership Skills
Manager,"Communication Skills,Decision-Making Skills
Director,"Leadership Skills,Project Management
Vice President,"Communication Skills,Leadership Skills
C Level,"Decision-Making Skills,Leadership Skills
0-1 Years,"Basic Project Coordination,Introductory Communication Techniques
1-3 Years,"Basic Leadership Skills,Communication Skills
3-5 Years,"Leadership Development,Problem Solving
5-10 Years,"Leadership Skills,Project Management
10 Or More Years,"Leadership Skills,Project Management
Intern,develop skills,"The intern position is typically designed for individuals who are in the early stages of their professional careers. Candidates may be students or recent graduates seeking practical experience in their field of study. This role provides an opportunity to gain hands-on experience
Entry Level,"Adaptability,
Junior,"Interpersonal Skills,
Mid Level,"Communication Skills,
Associate,"Communication Skills,
Senior Level,"Leadership Skills,
Lead,"Decision-Making Skills,
Principal,"Communication Skills,
Manager,"Communication Skills,
Director,"Leadership Skills,
Vice President,"Communication Skills,
C Level,"Decision-Making Skills,
0-1 Years,"Basic Project Coordination,
1-3 Years,"Basic Leadership Skills,
5-10 Years,"Leadership Skills,
3-5 Years,"Leadership Development,
10 Or More Years,"Leadership Skills,