Name,Tags,AI summary,Skills_db
Industry - Agriculture,,No content,
Industry - Automotive,,No content,
Industry - Aviation,,No content,
Industry - Aerospace,,No content,
Industry - Biotechnology,,No content,
Industry - Construction,,No content,
Industry - Consumer Goods,,No content,
Industry - Consulting,,No content,
Industry - Cybersecurity,,No content,
Industry - Education,,No content,
Industry - Energy,,No content,
Industry - Engineering,,No content,
Industry - Entertainment,,No content,
Industry - Environmental,,No content,
Industry - Finance,,No content,
Industry - Government,,No content,
Industry - Healthcare,,No content,
Industry - Insurance,,No content,
Industry - Information Technology,,No content,
Industry - Hospitality,,No content,
Industry - Legal,,No content,
Industry - Marketing,,No content,
Industry - Manufacturing,,No content,
Industry - Media,,No content,
Industry - Non-Profit,,No content,
Industry - Real Estate,,No content,
Industry - Pharmaceuticals,,No content,
Industry - Retail,,No content,
Industry - Science,,No content,
Industry - Security,,No content,
Industry - Utilities,,No content,
Industry - Telecommunications,,No content,
Industry - Transportation,,No content,
Industry - Waste Management,,No content,
Industry - Architecture,,No content,
Industry - Accounting,,No content,
Industry - Electronics,,No content,
Industry - ECommerce,,No content,
Industry - Fashion,,No content,
Industry - Human Resources,,No content,
Industry - Food and Beverage,,No content,
Industry - Gaming,,No content,
Industry - Mining,,No content,
Industry - Nanotechnology,,No content,
Industry - Maritime,,No content,
Industry - Logistics,,No content,
Industry - Printing,,No content,
Industry - Oil and Gas,,No content,
Industry - Public Relations,,No content,
Industry - Shipping,,No content,
Industry - Publishing,,No content,
Industry - Research and Development,,No content,
Industry - Sports,,No content,
Industry - Travel,,No content,
Industry - Software,,No content,
Industry - Supply Chain,,No content,
Industry - Veterinary,,No content,
Industry - Water,,No content,
Industry - FinTech,,No content,
Industry - HealthTech,,No content,
Industry - Biotechnology Research,,No content,
Industry - Renewable Energy,,No content,
Industry - EdTech,,No content,
Industry - AgriTech,,No content,
Industry - PropTech,,No content,
Industry - LegalTech,,No content,
Industry - Bioinformatics,,No content,
Industry - MedTech,,No content,
Industry - Agriculture,,No content,
Industry - Automotive,,No content,
Industry - Aviation,,No content,
Industry - Aerospace,,No content,
Industry - Biotechnology,,No content,
Industry - Construction,,No content,
Industry - Consumer Goods,,No content,
Industry - Consulting,,No content,
Industry - Cybersecurity,,No content,
Industry - Education,,No content,
Industry - Energy,,No content,
Industry - Engineering,,No content,
Industry - Entertainment,,No content,
Industry - Environmental,,No content,
Industry - Finance,,No content,
Industry - Government,,No content,
Industry - Healthcare,,No content,
Industry - Insurance,,No content,
Industry - Information Technology,,No content,
Industry - Hospitality,,No content,
Industry - Legal,,No content,
Industry - Marketing,,No content,
Industry - Manufacturing,,No content,
Industry - Media,,No content,
Industry - Non-Profit,,No content,
Industry - Real Estate,,No content,
Industry - Pharmaceuticals,,No content,
Industry - Retail,,No content,
Industry - Science,,No content,
Industry - Security,,No content,
Industry - Utilities,,No content,
Industry - Telecommunications,,No content,
Industry - Transportation,,No content,
Industry - Waste Management,,No content,
Industry - Architecture,,No content,
Industry - Accounting,,No content,
Industry - Electronics,,No content,
Industry - ECommerce,,No content,
Industry - Fashion,,No content,
Industry - Human Resources,,No content,
Industry - Food and Beverage,,No content,
Industry - Gaming,,No content,
Industry - Mining,,No content,
Industry - Nanotechnology,,No content,
Industry - Maritime,,No content,
Industry - Logistics,,No content,
Industry - Printing,,No content,
Industry - Oil and Gas,,No content,
Industry - Public Relations,,No content,
Industry - Shipping,,No content,
Industry - Publishing,,No content,
Industry - Research and Development,,No content,
Industry - Sports,,No content,
Industry - Travel,,No content,
Industry - Software,,No content,
Industry - Supply Chain,,No content,
Industry - Veterinary,,No content,
Industry - Water,,No content,
Industry - FinTech,,No content,
Industry - HealthTech,,No content,
Industry - Biotechnology Research,,No content,
Industry - Renewable Energy,,No content,
Industry - EdTech,,No content,
Industry - AgriTech,,No content,
Industry - PropTech,,No content,
Industry - LegalTech,,No content,
Industry - Bioinformatics,,No content,
Industry - MedTech,,No content,