Title,Areas,Status,Is Active,Favorite,Type,AI keywords,AI summary,Archived,Created,Details,Files & media,Integration,Is Web Note,Media,Mood,Note Content,Parent item,Related Note,Sub-item,Tags,Type 2,URL,UUID,Updated,_TAX RETURN MASTER TRACKING SHEET,👥 All Contacts (OS)
LUIS MUNOZ ALTAMIRANO,,Not started,No,No,,,,,,,,,,,,,,,,,,,,,,
06-08-24,,Not started,No,No,,,,,,,,,,,,,,,,,,,,,,
05-31-24,,Not started,No,No,,,,,,,,,,,,,,,,,,,,,,
ITIN Renewal Shipment,,Not started,No,No,,,,,,,,,,,,,,,,,,,,,,
06-02-24,,Not started,No,No,,,,,,,,,,,,,,,,,,,,,,
07-06-24,,Not started,No,No,,,,,,,,,,,,,,,,,,,,,,
05-14-24,,Not started,No,No,,,,,,,,,,,,,,,,,,,,,,
04-20-24,,Not started,No,No,,,,,,,,,,,,,,,,,,,,,,
06-30-24,,Not started,No,No,,,,,,,,,,,,,,,,,,,,,,
05-08-24,,Not started,No,No,,,,,,,,,,,,,,,,,,,,,,
New Note,,Not started,No,No,,,,,,,,,,,,,,,,,,,,,,
Michael Brown Investment Strategy,,Not started,No,No,,,,,,,,,,,,,,,,,,,,,,
Call w/John Doe,,Not started,No,No,,,,,,,,,,,,,,,,,,,,,,
Family Reunion Agenda,,Not started,No,No,,,,,,,,,,,,,,,,,,,,,,
Jane’s Birthday Gift Ideas,,Not started,No,No,,,,,,,,,,,,,,,,,,,,,,
Unique Fields | Tips - Zoho CRM,,Not started,No,No,,,,,,,,,,,,,,,,,,,,,,
Create Quote from Deal | Tips - Zoho CRM,,Not started,No,No,,,,,,,,,,,,,,,,,,,,,,
Auto update Account info across CRM | Tips - Zoho CRM,,Not started,No,No,,,,,,,,,,,,,,,,,,,,,,
Lead Scores | Tips - Zoho CRM,,Not started,No,No,,,,,,,,,,,,,,,,,,,,,,
Customize Deal Stage Field | Tips - Zoho CRM,,Not started,No,No,,,,,,,,,,,,,,,,,,,,,,
Transfer Record Info based on Criteria | Tips - Zoho CRM,,Not started,No,No,,,,,,,,,,,,,,,,,,,,,,
Custom Buttons | Tips - Zoho CRM,,Not started,No,No,,,,,,,,,,,,,,,,,,,,,,
Add International Call Prefix | Tips - Zoho CRM,,Not started,No,No,,,,,,,,,,,,,,,,,,,,,,
Try for free - AI Music Generator SOUNDRAW,,Not started,No,No,,,,,,,,,,,,,,,,,,,,,,
Anomi | Nomi.ai,,Not started,No,No,,,,,,,,,,,,,,,,,,,,,,
character.ai | Personalized AI for every moment of your day,,Not started,No,No,,,,,,,,,,,,,,,,,,,,,,
AI Image Upscaler - Enlarge & Enhance Your Photos for Free,,Not started,No,No,,,,,,,,,,,,,,,,,,,,,,
Tool studio | Relevance AI,,Not started,No,No,,,,,,,,,,,,,,,,,,,,,,
AI News Digest | Substack,,Not started,No,No,,,,,,,,,,,,,,,,,,,,,,
AI Voice Generator & Text to Speech,,Not started,No,No,,,,,,,,,,,,,,,,,,,,,,
TurboScribe: Transcribe Audio and Video to Text,,Not started,No,No,,,,,,,,,,,,,,,,,,,,,,
TurboScribe - https://turboscribe.ai/,,Not started,No,No,,,,,,,,,,,,,,,,,,,,,,
Zai Test Note,,Not started,No,No,,,,,,,,,,,,,,,,,,,,,,
Luis Notes,,Not started,No,No,,,,,,,,,,,,,,,,,,,,,,
Notion AI,,Not started,No,No,,,,,,,,,,,,,,,,,,,,,,
ChatGPT Plus,,Not started,No,No,,,,,,,,,,,,,,,,,,,,,,
QIP Partner Update 11/27/2024,,Not started,Yes,No,,,,,,,,,,,,,,,,,,,,,,
"@November 25,2024 10:11 AM -Square Dashboard ",,Not started,No,No,,,,,,,,,,,,,,,,,,,,,
"eBay label ",,Not started,No,No,,,,,,,,,,,,,,,,,,,,,,
Work Summary 11/17/2024,,Not started,Yes,No,,,,,,,,,,,,,,,,,,,,,,
What is Notion,,Not started,No,No,,,,,,,,,,,,,,,,,,,,,,
4.3.1 Receipts,,Not started,Yes,No,,,,,,,,,,,,,,,,,,,,,,
,,Not started,No,No,,,,,,,,,,,,,,,,,,,,,,
"@November 11,2024 5:41 AM -Your application for benefits has been received. ",,Not started,No,No,,,,,,,,,,,,,,,,,,,,,
"@November 11,2024 5:28 AM -NV Flow - National Verifier - Consumer | lifeline | Q | status-successQ ",,Not started,No,No,,,,,,,,,,,,,,,,,,,,,
I'm on my way! Follow my Uber trip: https://trip.uber.com/1of1k5Gh5v,,Not started,No,No,,,,,,,,,,,,,,,,,,,,,,
"@June 24,2024 Too much",,Not started,No,No,,,,,,,,,,,,,,,,,,,,,
"@June 26,2024 — General",,Not started,No,No,,,,,,,,,,,,,,,,,,,,,
"@June 28,2024 -Dream",,Not started,No,No,,,,,,,,,,,,,,,,,,,,,
"@June 29,2024 — Chosen notes",,Not started,No,No,,,,,,,,,,,,,,,,,,,,,
"@June 11,2024 — Feeling Helpless",,Not started,No,No,,,,,,,,,,,,,,,,,,,,,
"@June 13,2024 — Feeling Down",,Not started,No,No,,,,,,,,,,,,,,,,,,,,,
"@July 4,2024 Encounter with BWC",,Not started,No,No,,,,,,,,,,,,,,,,,,,,,
"@July 15,2024 Hope ",,Not started,No,No,,,,,,,,,,,,,,,,,,,,,
"Comprehensive Claim and Complaint Submission: Tesla Accident,Uber Rental Issues,and Insurance Coverage",,Not started,No,,,,,,,,,,,,,,,,,,,,,
07-01-24,,Not started,No,No,,,,,,,,,,,,,,,,,,,,,,
06-13-24,,Not started,No,No,,,,,,,,,,,,,,,,,,,,,,
07-10-24,,Not started,No,No,,,,,,,,,,,,,,,,,,,,,,
New Shipment Drop Office,,Not started,No,No,,,,,,,,,,,,,,,,,,,,,,
Robert Rice’s Keys,,Not started,No,No,,,,,,,,,,,,,,,,,,,,,,
Marvin’s Badoo Notes,,Not started,No,No,,,,,,,,,,,,,,,,,,,,,,
video - Home - QHRPeople Recruit,,Not started,No,No,,,,,,,,,,,,,,,,,,,,,,
The Employer’s Guide to Navigating Background Check Compliance - Checkr,,Not started,No,No,,,,,,,,,,,,,,,,,,,,,,
Zoho / Checkr Integration User Guide,,Not started,No,No,,,,,,,,,,,,,,,,,,,,,,
Squarespace — Login,,Not started,No,No,,,,,,,,,,,,,,,,,,,,,,
Zoho Mail - Admin Console,,Not started,No,No,,,,,,,,,,,,,,,,,,,,,,
Admin Console - Reports,,Not started,No,No,,,,,,,,,,,,,,,,,,,,,,
Logo Maker | Used By 2.3 Million Startups,,Not started,No,No,,,,,,,,,,,,,,,,,,,,,,
Business Workspace Kit For Luis,,Not started,No,No,,,,,,,,,,,,,,,,,,,,,,
Square Dashboard,,Done,No,No,,,,,,,,,,,,,,,,,,,,,,
"@November 3,2024 8:23 PM Morning Entry ",,Not started,No,No,,,,,,,,,,,,,,,,,,,,,
"@November 3,2024 8:25 PM Midday Entry (2) ",,Not started,No,No,,,,,,,,,,,,,,,,,,,,,
"@November 3,2024 9:11 PM -QIP | Quantum Innova People Inc. | HR,Staffing,and Compliance Solutions ",,Not started,,,,,,,,,,,,,,,,,,,,,
"@November 4,2024 2:59 AM Day Entry 4",,Not started,No,No,,,,,,,,,,,,,,,,,,,,,
"DAILY REFLECTIONS ‣ ",,Not started,No,No,,,,,,,,,,,,,,,,,,,,,,
"""Registered Agent Appointment,,,,,,,,,,,,,,,,,,,,,,,,,,
InboxSearch for all messages with label InboxRemove label Inbox from this conversation,,,,,,,,,,,,,,,,,,,,,,,,,,
noreply@sos.in.gov,,,,,,,,,,,,,,,,,,,,,,,,,,
Wed,Oct 30,11:34 AM (5 days ago),,,,,,,,,,,,,,,,,,,,,,,,
to me,,,,,,,,,,,,,,,,,,,,,,,,,,
Appointment as Registered Agent,,,,,,,,,,,,,,,,,,,,,,,,,,
October 30,2024,,,,,,,,,,,,,,,,,,,,,,,,,
RE: QUANTUM INNOVA PEOPLE INC,,,,,,,,,,,,,,,,,,,,,,,,,,
202410291835716,,,,,,,,,,,,,,,,,,,,,,,,,,
The business listed above has appointed you as their Registered Agent.,,,,,,,,,,,,,,,,,,,,,,,,,,
A registered agent serves as a business’s agent for service of process,notice,or demand required or permitted by law to be served on a business.,,,,,,,,,,,,,,,,,,,,,,,,
If this appointment was made without your consent,you may request to be removed as the registered agent by filing a Statement of Resignation of Registered Agent at http://www.INBiz.IN.gov. or by completing and submitting State Form 26285 – Statement of Resignation of Registered Agent (https://forms.in.gov/Download.aspx?id=4868) to the Secretary of State’s Office.,,,,,,,,,,,,,,,,,,,,,,,,,
As provided in the Indiana statute,the appointment will continue for thirty-one (31) days after the effective date of the Registered Agent Resignation. Thereafter,the information will no longer appear online.,,,,,,,,,,,,,,,,,,,,,,,,
If you have any questions or need assistance,please contact our office at (317) 232-6576.,,,,,,,,,,,,,,,,,,,,,,,,,
Sincerely,,,,,,,,,,,,,,,,,,,,,,,,,,
BUSINESS SERVICES DIVISION""",,Not started,No,No,,,,,,,,,,,,,,,,,,,,,,
"@November 4,2024 7:09 PM -Pole ",,Not started,No,No,,,,,,,,,,,,,,,,,,,,,
"@November 5,2024 5:17 PM -EIN Quantum Innova People Inc. - Individual Request - Online Application ",,Not started,No,No,,,,,,,,,,,,,,,,,,,,,
"@November 6,2024 12:59 AM Day Entry 1 ",,Not started,No,No,,,,,,,,,,,,,,,,,,,,,
"@November 6,2024 1:06 AM Day Entry 2",,Not started,No,No,,,,,,,,,,,,,,,,,,,,,
"@November 6,2024 1:12 AM -E-bike wiring diagram ",,Not started,No,No,,,,,,,,,,,,,,,,,,,,,
https://www.midwestcopier.com/sell-to-us/,,Not started,No,No,,,,,,,,,,,,,,,,,,,,,,
"@November 3,2024 8:54 PM - Note",,Not started,No,No,,,,,,,,,,,,,,,,,,,,,
"Based on the notes provided,here's a more detailed work summary:",,Not started,No,No,,,,,,,,,,,,,,,,,,,,,
Website Structure and Navigation: Updated website routes and directories to improve site organization and user navigation.,,Not started,No,No,,,,,,,,,,,,,,,,,,,,,,
Media Management: Renamed photos to ensure consistency and improve searchability.,,Not started,No,No,,,,,,,,,,,,,,,,,,,,,,
File System Organization: Restructured the root directory organization to enhance file management efficiency.,,Not started,No,No,,,,,,,,,,,,,,,,,,,,,,
User Interaction Improvements:,,Not started,No,No,,,,,,,,,,,,,,,,,,,,,,
Marketing Assets: Reorganized marketing materials to improve accessibility and streamline content management processes.,,Not started,No,No,,,,,,,,,,,,,,,,,,,,,,
"These updates collectively aim to enhance website functionality,user experience,and internal content management efficiency.",,Not started,No,,,,,,,,,,,,,,,,,,,,,
"@November 8,2024 3:37 AM - Reading",,Not started,No,No,,,,,,,,,,,,,,,,,,,,,
McDonald’s receipt on Innovafloe card,,Not started,No,No,,,,,,,,,,,,,,,,,,,,,,
"@November 10,2024 3:45 AM -Tracking | UPS - United States ",,Not started,No,No,,,,,,,,,,,,,,,,,,,,,
"@November 10,2024 3:46 AM -Tracking | UPS - United States ",,Not started,No,No,,,,,,,,,,,,,,,,,,,,,
"@November 10,2024 3:47 AM -USPS.com® - USPS Tracking® Results ",,Not started,No,No,,,,,,,,,,,,,,,,,,,,,
"@June 24,fearing potential problems if something happens to it. They are also dealing with issues related to insurance and feeling overwhelmed by their situation.",,No,"June 15,Not started,2024 Too much",Wellness,"The author expresses concern about being given responsibility for a car that is not theirs,No,,2024 8:41 AM",,,,No,No,,⭐️,,,,,,,,NT-90473784f08e472d961fa61651e78b0f
"@June 26,No,,IMG_7952.jpg,2024 10:11 AM",,2024 — General",,Reflect on the importance of being true to oneself and inspiring others to embrace their authenticity. Acknowledge the potential for greatness in others while encouraging them to recognize their flaws.,,"June 26,,No,,No,No,,⭐️⭐️⭐️⭐️,,,Not started,,,,,NT-2ad2aa0683ed420b8ff2da715c17ff2d,"April 26
"@June 28,transition,,and the role of leadership. It also highlights emotional processing through music and the significance of family,confronting gangsters,,2024 -Dream",,"The dream involves themes of social connection,and personal challenges. Key elements include helping others in a restaurant,moving into an apartment,and family memories. The dream reflects feelings of vulnerability,a desire for support,particularly a deceased uncle,during times of stress and change.",No,,"June 28,2024 12:52 PM",No,IMG_7968.jpeg,No,No,,⭐️⭐️⭐️,,
"@June 29,reciprocity,No,"June 29,and the tendency of some to downplay achievements or manipulate others' gifts. Observing patterns in relationships can help identify those who are only supportive when it benefits them.",,2024 — Chosen notes",,"Reflections on relationships highlight the importance of balance,and setting boundaries. Key points include recognizing energy vampires,the inconsistency of support from certain individuals,No,,2024 1:41 AM",,No,,,No,,⭐️⭐️⭐️⭐️,,,Not started,,,
"@June 11,2024,,prompting the author to take measures for security and cleanliness.",and stress from household responsibilities. The author struggled with interruptions,No,2024 — Feeling Helpless",,"The journal entry from June 11,reflects a challenging day filled with overwhelming work,injuries,felt unsupported in managing household tasks,and dealt with issues like unauthorized access to email and WiFi. A bleach spill in the laundry room added to the day's frustrations,No,,"June 29,2024 2:22 AM",,No,,No,,⭐️,,,,Not started
"@June 13,along with a task list that includes finishing a personal budget,,2024 2:22 AM",No,,2024 — Feeling Down",,"The journal entry reflects feelings of being down while expressing aspirations for financial stability and personal worth. The author shares affirmations of capability and self-worth,taking a shower,and addressing messages on Square.",,"June 29,,No,,,No,No,⭐️⭐️,,,Not started,,,,
"@July 4,2024,,2024 9:10 AM",No,,2024 Encounter with BWC",,"The diary entry from July 4,reflects a positive encounter related to trade,leaving the writer feeling good about themselves.",,"July 4,,No,,,No,No,⭐️⭐️⭐️⭐️⭐️,,,Not started,,,,
"@July 15,Wellness",No,,and task completion. Key tasks for the day included organizing receipts and doing Uber. The individual expressed gratitude for a colleague and noted challenges with a team member's attitude,⭐️⭐️⭐️⭐️⭐️,2024 Hope ","Experiences,Strategy,"The daily journal entry includes reflections on productivity,mood checks,while also affirming personal goals and intentions for the next day.",No,"July 15,2024 4:50 AM",,No,,,No,,,,,Not started,,
"Comprehensive Claim and Complaint Submission: Tesla Accident,"Submission outlines claims related to a Tesla accident,,No,detailing incidents,,Uber Rental Issues,and Insurance Coverage",,issues with Uber rentals,and requests for compensation,expenses,and impacts on livelihood. Supporting documents included.",,"July 22,2024 1:51 AM",,No,,No,No,,,,,Not started,
07-01-24,,,,,,,,No,"July 22,2024 1:51 AM",No,,No,No,,,,,Not started,,,,,NT-1891ad2e85c9447699cf54dfb4e66ab3,"April 26,2025 4:21 PM"
06-02-24,,,,,,,No content,No,"July 22,2024 1:51 AM",No,,No,No,,,,,Not started,,,,,NT-6ba5312631394b3f922d85f7bfadd810,"April 26,2025 4:21 PM"
07-06-24,,,,,,,No content,No,"July 22,2024 1:51 AM",No,,No,No,,,,,Not started,,,,,NT-94ab4fe96efd46c2824a811af868dfaf,"April 26,2025 4:21 PM"
06-08-24,,,,,,,,No,"July 22,2024 1:51 AM",No,,No,No,,,,,Not started,,,,,NT-0e54b35e3e624adebe60407fd0c543bc,"April 26,2025 4:21 PM"
06-13-24,,,,,,,,No,"July 22,2024 1:51 AM",No,,No,No,,,,,Not started,,,,,NT-410fe0e2c7c44edaaf106fb462b4f2b6,"April 26,2025 4:21 PM"
07-10-24,,,,,,,No content,No,"July 22,2024 1:51 AM",No,,No,No,,,,,Not started,,,,,NT-808df589812f460f98576de60695d668,"April 26,2025 4:21 PM"
06-30-24,,,,,,,No content,No,"July 22,2024 1:51 AM",No,,No,No,,,,,Not started,,,,,NT-b62fa817924d4d02b4dd123823b60559,"April 26,2025 4:21 PM"
06-30-24,,,,,,,No content,No,"July 22,2024 1:51 AM",No,,No,No,,,,,Not started,,,,,NT-c0ecacd74122404d91185c04017f7779,"April 26,2025 4:21 PM"
New Shipment Drop Office,,,,,,,No content,No,"July 22,2024 1:51 AM",No,,No,No,,,,,Not started,,,,,NT-cd1696cead6f42a1bd3f0c3a561fbf63,"April 26,2025 4:21 PM"
05-14-24,,,,,,,,No,"July 22,2024 1:51 AM",No,,No,No,,,,,Not started,,,,,NT-123559c343d54cbeb303a02724625641,"April 26,2025 4:21 PM"
04-20-24,,,,,,,No content,No,"July 22,2024 1:51 AM",No,,No,No,,,,,Not started,,,,,NT-2dfbb443ddfc4b58937890d5633b1ff3,"April 26,2025 4:21 PM"
06-30-24,,,,,,,,No,"July 22,2024 1:51 AM",No,,No,No,,,,,Not started,,,,,NT-3b4cb5fe3649434d98eb09eade66b523,"April 26,2025 4:21 PM"
05-08-24,,,,,,,,No,"July 22,2024 1:51 AM",No,,No,No,,,,,Not started,,,,,NT-54fa76741b104cbaa5a44142a96f86ee,"April 26,2025 4:21 PM"
06-30-24,,,,,,,No content,No,"July 22,2024 1:51 AM",No,,No,No,,,,,Not started,,,,,NT-652975b7c8524915a1e1213f17d9513f,"April 26,2025 4:21 PM"
Robert Rice’s Keys,,,,,,,No content,No,"July 22,2024 1:51 AM",No,,No,No,,,,,Not started,,,,,NT-c5c01329995c4c9ea5f891a9d902c7f9,"April 26,2025 4:21 PM"
06-02-24,,,,,,,No content,No,"July 22,2024 1:51 AM",No,,No,No,,,,,Not started,,,,,NT-fc9e0e2e7f00427f93032b1791429b74,"April 26,2025 4:21 PM"
LUIS MUNOZ ALTAMIRANO,,,,,,,,No,"July 22,2024 1:51 AM",No,,No,No,,,,,Not started,,,,,NT-21861fe26f884141ad2b3eba293f5ecf,"April 26,2025 4:21 PM"
06-08-24,,,,,,,,No,"July 22,2024 1:51 AM",No,,No,No,,,,,Not started,,,,,NT-298849714d6f4966a90530c3fe2680c3,"April 26,2025 4:21 PM"
05-31-24,,,,,,,No content,No,"July 22,2024 1:51 AM",No,,No,No,,,,,Not started,,,,,NT-6d6b96d9b6f042079a802eeca1fa374a,"April 26,2025 4:21 PM"
ITIN Renewal Shipment,,,,,,,No content,No,"July 22,2024 1:51 AM",No,,No,No,,,,,Not started,,,,,NT-a8b1f917363c4856abceeaea8e2cb040,"April 26,2025 4:21 PM"
06-02-24,,,,,,,No content,No,"July 22,2024 1:51 AM",No,,No,No,,,,,Not started,,,,,NT-b472919eb1024ee8940708af2dd53afc,"April 26,2025 4:21 PM"
07-06-24,,,,,,,No content,No,"July 22,2024 1:51 AM",No,,No,No,,,,,Not started,,,,,NT-c4864060b89448388a9fc08e809cd26f,"April 26,2025 4:21 PM"
Marvin’s Badoo Notes,and they have chatted on different apps.",,No,"July 22,Not started,,"A straight guy has shown interest,shared his number,No,,2024 1:59 AM",,,,No,No,,,,,,,,,,NT-33697443096645669cb7776a0e76ced0
video - Home - QHRPeople Recruit,No,,,2024 10:05 PM",,,"Video project for QHRPeople Recruit is not started,with a status update indicating it is inactive and archived.",,"October 27,,No,,No,No,,,,,Not started,,,,,NT-9f3e70903c8247ccac1cbf370ad42162,"April 26
The Employer’s Guide to Navigating Background Check Compliance - Checkr,"Employers must navigate a complex landscape of background check regulations to minimize risk and liability. Key strategies include understanding federal laws,No,"October 27,and selecting the appropriate background check provider.",,"Innovation,Strategy,Technology",avoiding common violations,staying updated on compliance trends,No,,2024 10:07 PM",,No,,,No,,,,,Not started,,,
Zoho / Checkr Integration User Guide,order background checks,,2024 10:08 PM",No,,,"This user guide provides detailed instructions for integrating Checkr with the Zoho platform,including steps to create a Checkr account,and utilize the Checkr dashboard. Key requirements include admin access to both platforms,and the guide outlines the process for initiating the integration and managing background check reports.",,"October 27,,No,,,No,No,,,,Not started,,,,
Squarespace — Login,,,,,,,No content,No,"October 27,2024 11:02 PM",No,,No,No,,,,,Not started,,,,,NT-eb02267e49df49358d8e1c5adc1d46b7,"April 26,2025 4:21 PM"
Zoho Mail - Admin Console,"Zia Search allows users to search across multiple Zoho applications,No,,start conversations,,"AI,Innovation,Technology",refine results by application or contact,and utilize fine-grained filters. Quick actions enable users to reply to emails,and edit records efficiently.",No,"October 27,2024 11:15 PM",,No,,,No,,,,,Not started,,
Admin Console - Reports,"Zia Search allows users to search,,and perform quick actions like replying to emails or editing records. The new Zia Search Edge add-on enables searching across 20+ Zoho Apps simultaneously.",and act within a single interface,No,"AI,Innovation,Technology",refine,review,with options to limit searches by application or contact,apply fine-grained filters,No,,"October 27,2024 11:18 PM",,No,,No,,,,,,Not started
Logo Maker | Used By 2.3 Million Startups,allows for additional time if needed and aims to provide a human touch to the logo creation process,,,,,,"The document describes a logo enhancement service where customers can work with an in-house graphic designer for one hour to improve their logo based on feedback. This service,available as an add-on,complementing the AI-powered logo maker.",No,"October 30,2024 6:51 PM",No,,,No,No,,,,Not started,,,,,
Business Workspace Kit For Luis,essential tools,,while providing detailed recommendations for hardware,security,,,"The document outlines a comprehensive guide for setting up a business workspace,including home and mobile office configurations,software,and tax deductions. It emphasizes the importance of space size,productivity,and ergonomics,software,and organization. It also includes a setup checklist to ensure a productive and secure environment tailored for business operations.",No,,"November 1,2024 6:06 PM",No,,No,No,,⭐️⭐️⭐️⭐️⭐️,,
Square Dashboard,performance and analytical,,2024 6:25 PM",No,,,"The content discusses cookie preferences for mobile applications and online services,detailing the types of cookies used (strictly necessary,functionality,and retargeting or advertising technology). Users can opt out of certain categories of cookies and manage their preferences to enhance their experience while using the services.",,"November 2,,No,,,No,No,,,,Done,,,,
"@November 3,including waking up,,2024 8:23 PM",No,,2024 8:23 PM Morning Entry ",,"The journal entry details a morning routine starting at 4:00 am,organizing belongings,and having breakfast at McDonald's using app deals. The writer attempted to meet a friend at a motel but received no response after waiting. The mood is rated as 2 stars physically and 3 stars emotionally.",,"November 3,,No,,,No,No,⭐️⭐️⭐️⭐️,,,Not started,,,,
"@November 3,2024,No,"November 3,and later used that money to buy food at McDonald's.",,2024 8:25 PM Midday Entry (2) ",,"The midday entry for November 3,reflects a good mood and energy level. The author traced a route to a friend's home but did not find him,interacted with a roommate who sent money for food,No,,2024 8:25 PM",,No,,,No,,⭐️⭐️⭐️,,,Not started,,,
"@November 3,"Innovation,collaboration,HR consulting via QuantumHR LLP,"Quantum Innova People Inc. offers innovative HR,,2024 9:11 PM -QIP | Quantum Innova People Inc. | HR,Staffing,and Compliance Solutions ",Strategy,Technology",staffing,and operational solutions to empower businesses. Their services include staffing solutions through InnovaHire LLC,and operational support from InnovaFlow Solutions LLC. The mission is to align strategy,people,and operations for sustained growth,guided by core values of innovation,integrity,client success,and excellence.",No,"November 3,2024 9:11 PM",,No,https://www.qhrpeople.com/favicon.png,
"@November 4,work on a Notion database,,2024 2:59 AM",No,,2024 2:59 AM Day Entry 4",,"The journal entry reflects a challenging day with feelings of frustration due to unfulfilled trades and lack of communication. The author managed to list items on eBay,and attempted to socialize,but faced issues with a McDonald's order and financial constraints. Plans for tomorrow include addressing financial issues and finding a stable work environment with internet access.",,"November 4,,No,,,No,No,⭐️⭐️,,,Not started,,,,
"DAILY REFLECTIONS ‣ ",supportive people who checked in,,2024 3:02 AM",No,,,"Today,the reflections include gratitude for a car,and a recognition of intelligence,though with a desire for greater intelligence overall.",,"November 4,,No,,,No,No,⭐️⭐️,,,Not started,,,,
BUSINESS SERVICES DIVISION""",No,,,2024 1:47 PM",,,"You have been appointed as the Registered Agent for QUANTUM INNOVA PEOPLE INC. If this appointment was made without your consent,you can resign by filing a Statement of Resignation of Registered Agent online or by submitting the required form to the Secretary of State’s Office. The appointment will remain effective for thirty-one days after the effective date.",,"November 4,,No,,No,No,,⭐️⭐️⭐️,,,Not started,,,,,NT-cb0f17ad1d6545bbb561a9af34ad18c8,"April 26
"@November 4,Technology",,No,downloading a QR code,,2024 7:09 PM -Pole ","AI,Innovation,"Shipping label generated for UPS Ground Saver service at a total cost of $15.30,with a tracking number provided. The item is to be shipped by November 6 to the specified address. Instructions for packing,and drop-off options are included,along with links for further actions such as printing the label and leaving feedback.",,"November 4,2024 6:29 PM",,No,https://pages.ebay.com/favicon.ico,No,Yes,⭐️⭐️⭐️⭐️⭐️,,,,Not started,
"@November 5,Technology",⭐️⭐️⭐️⭐️⭐️,,,,2024 5:17 PM -EIN Quantum Innova People Inc. - Individual Request - Online Application ","Innovation,Strategy,EIN 33-1809248 has been successfully assigned to Quantum Innova People Inc. It's important to save or print the confirmation page and letter for records. Additional information about using the EIN is available after saving the letter.,No,"November 5,2024 5:17 PM",No,https://sa.www4.irs.gov/modiein/individual/favicon.ico,,No,Yes,,,,Not started,,,,,https://sa.www4.irs.gov/modiein/individual/confirmation.jsp
"@November 6,including a troubling interaction with a friend named Luis and concerns about personal instability. The author expresses physical soreness and emotional distress,,2024 12:59 AM",No,,2024 12:59 AM Day Entry 1 ",,"The journal entry reflects on the author's mood and experiences from the previous night,feeling down about their life situation and the challenges in their relationship with Luis,who exhibits violent behavior.",,"November 6,,No,,,No,No,⭐️⭐️⭐️,,,Not started,,,,
"@November 6,with the author struggling to get out of bed despite consuming coffee and snacks. They completed a task of sending a package to USPS but did not work on planned projects. Instead,,2024 1:06 AM",No,,2024 1:06 AM Day Entry 2",,"The journal entry reflects a low energy level,they reorganized their desk to enhance productivity,hoping for better workflow with the new setup.",,"November 6,,No,,,No,No,⭐️⭐️⭐️⭐️,,,Not started,,,,
"@November 6,2024,Yes,2024 1:12 AM",No,,2024 1:12 AM -E-bike wiring diagram ",Technology,"E-bike wiring diagram created on November 6,with a status of not started and updated on April 26,2025. The diagram is accessible via a provided URL and is marked as a web note.",,"November 6,,No,"data:image/svg+xml;base64,PHN2ZyB4bWxucz0iaHR0cDovL3d3dy53My5vcmcvMjAwMC9zdmciIHdpZHRoPSIxNiIgdmlld0JveD0iMCAwIDE2IDE2IiBoZWlnaHQ9IjE2Ij48Zz48cGF0aCBmaWxsLXJ1bGU9ImV2ZW5vZGQiIGNsaXAtcnVsZT0iZXZlbm9kZCIgZD0iTTIgM1YxMEgxNFYzSDJaTTEgMUMwLjQ0NzcxNSAxIDAgMS40NDc3MiAwIDJWMTFDMCAxMS41NTIzIDAuNDQ3NzE2IDEyIDEgMTJIMTVDMTUuNTUyMyAxMiAxNiAxMS41NTIzIDE2IDExVjJDMTYgMS40NDc3MiAxNS41NTIzIDEgMTUgMUgxWiIgZmlsbD0iIzczMEZDMyIvPjxwYXRoIGZpbGwtcnVsZT0iZXZlbm9kZCIgY2xpcC1ydWxlPSJldmVub2RkIiBkPSJNOS41NTI3OSAxMC4xMDU2QzEwLjA0NjggOS44NTg1OCAxMC42NDc0IDEwLjA1ODggMTAuODk0NCAxMC41NTI4TDEyLjg5NDQgMTMuNTUyOEMxMy4xNDE0IDE0LjA0NjggMTIuOTQxMiAxNC42NDc0IDEyLjQ0NzIgMTQuODk0NEMxMS45NTMyIDE1LjE0MTQgMTEuMzUyNiAxNC45NDEyIDExLjEwNTYgMTQuNDQ3Mkw5LjEwNTU3IDExLjQ0NzJDOC44NTg1OCAxMC45NTMyIDkuMDU4ODEgMTAuMzUyNiA5LjU1Mjc5IDEwLjEwNTZaIiBmaWxsPSIjNzMwRkMzIi8+PHBhdGggZmlsbC1ydWxlPSJldmVub2RkIiBjbGlwLXJ1bGU9ImV2ZW5vZGQiIGQ9Ik02LjQ0NzIxIDEwLjEwNTZDNS45NTMyNCA5Ljg1ODU4IDUuMzUyNTYgMTAuMDU4OCA1LjEwNTU3IDEwLjU1MjhMMy4xMDU1NyAxMy41NTI4QzIuODU4NTggMTQuMDQ2OCAzLjA1ODgxIDE0LjY0NzQgMy41NTI3OSAxNC44OTQ0QzQuMDQ2NzcgMTUuMTQxNCA0LjY0NzQ0IDE0Ljk0MTIgNC44OTQ0MyAxNC40NDcyTDYuODk0NDMgMTEuNDQ3MkM3LjE0MTQyIDEwLjk1MzIgNi45NDExOSAxMC4zNTI2IDYuNDQ3MjEgMTAuMTA1NloiIGZpbGw9IiM3MzBGQzMiLz48cGF0aCBmaWxsLXJ1bGU9ImV2ZW5vZGQiIGNsaXAtcnVsZT0iZXZlbm9kZCIgZD0iTTggMTBDOC41NTIyOCAxMCA5IDEwLjQ0NzcgOSAxMVYxM0M5IDEzLjU1MjMgOC41NTIyOCAxNCA4IDE0QzcuNDQ3NzIgMTQgNyAxMy41NTIzIDcgMTNWMTFDNyAxMC40NDc3IDcuNDQ3NzIgMTAgOCAxMFoiIGZpbGw9IiM3MzBGQzMiLz48cGF0aCBkPSJNMyA0LjQ5OTUxQzMgNC4yMjMzNyAzLjIyMzg2IDMuOTk5NTEgMy41IDMuOTk5NTFINC41QzQuNzc2MTQgMy45OTk1MSA1IDQuMjIzMzcgNSA0LjQ5OTUxVjUuNDk5NTFDNSA1Ljc3NTY1IDQuNzc2MTQgNS45OTk1MSA0LjUgNS45OTk1MUgzLjVDMy4yMjM4NiA1Ljk5OTUxIDMgNS43NzU2NSAzIDUuNDk5NTFWNC40OTk1MVoiIGZpbGw9IiM3MzBGQzMiLz48cGF0aCBkPSJNMyA3LjQ5OTUxQzMgNy4yMjMzNyAzLjIyMzg2IDYuOTk5NTEgMy41IDYuOTk5NTFINC41QzQuNzc2MTQgNi45OTk1MSA1IDcuMjIzMzcgNSA3LjQ5OTUxVjguNDk5NTFDNSA4Ljc3NTY1IDQuNzc2MTQgOC45OTk1MSA0LjUgOC45OTk1MUgzLjVDMy4yMjM4NiA4Ljk5OTUxIDMgOC43NzU2NSAzIDguNDk5NTFWNy40OTk1MVoiIGZpbGw9IiM3MzBGQzMiLz48cGF0aCBkPSJNNiA0LjQ5OTUxQzYgNC4yMjMzNyA2LjIyMzg2IDMuOTk5NTEgNi41IDMuOTk5NTFINy41QzcuNzc2MTQgMy45OTk1MSA4IDQuMjIzMzcgOCA0LjQ5OTUxVjUuNDk5NTFDOCA1Ljc3NTY1IDcuNzc2MTQgNS45OTk1MSA3LjUgNS45OTk1MUg2LjVDNi4yMjM4NiA1Ljk5OTUxIDYgNS43NzU2NSA2IDUuNDk5NTFWNC40OTk1MVoiIGZpbGw9IiM3MzBGQzMiLz48L2c+PC9zdmc+",,No,,⭐️⭐️⭐️⭐️⭐️,,,Not started,,,
https://www.midwestcopier.com/sell-to-us/,,,,,,,No content,No,"November 6,2024 2:55 PM",No,,No,No,,,,,Not started,,,,,NT-136f84a0440280c4a3c9c522d294af07,"April 26,2025 4:21 PM"
"@November 3,2024,,2024 6:55 PM",No,,2024 8:54 PM - Note",,"A note dated November 6,regarding an Amazon return,with a neutral mood rating of three stars. The note indicates that it is not a web note.",,"November 6,,No,,,No,No,⭐️⭐️⭐️,,,Not started,,,,
"Based on the notes provided,2024,No,,2025,,here's a more detailed work summary:",,"Work summary indicates the task was created on November 7,is not started,last updated on April 26,and is currently inactive and not archived.",No,"November 7,2024 5:04 AM",,No,,,No,,,,,Not started,,
Website Structure and Navigation: Updated website routes and directories to improve site organization and user navigation.,No,,,2024 5:04 AM",,"Innovation,Technology",No content,,"November 7,,No,,No,No,,,,,Not started,,,,,NT-b215005db0e34b489b41ddc2cdf221d9,"April 26
Media Management: Renamed photos to ensure consistency and improve searchability.,,,,,,,No content,No,"November 7,2024 5:04 AM",No,,No,No,,,,,Not started,,,,,NT-2e98d5961f95483b88a90c4105ce1243,"April 26,2025 4:21 PM"
File System Organization: Restructured the root directory organization to enhance file management efficiency.,No content,,No,"November 7,Not started,"Innovation,Strategy,Technology",No,,2024 5:04 AM",,,,No,No,,,,,,,,,,NT-387b768609874bb8b28070e530d90528
User Interaction Improvements:,"Improvements include an updated contact form for better user experience and data collection,,2024 5:04 AM",No,,"AI,Innovation,Technology",changes to other website forms for consistency,and fixing a non-functioning unsubscribe link for effective email list management.",,"November 7,,No,,,No,No,,,,Not started,,,,
Marketing Assets: Reorganized marketing materials to improve accessibility and streamline content management processes.,,,,,,Strategy,No content,No,"November 7,2024 5:04 AM",No,,No,No,,,,,Not started,,,,,NT-61123c286f44481fb76ef16a7d9b0afd,"April 26,2025 4:21 PM"
"These updates collectively aim to enhance website functionality,Strategy,,2024 5:04 AM",No,,user experience,and internal content management efficiency.","Innovation,Technology",No content,,"November 7,,No,,,No,No,,,,Not started,,,,
,,,,,,,No content,No,"November 7,2024 5:05 AM",No,,No,No,,,,,Not started,,,,,NT-137f84a04402809abe0afd1d4e448476,"April 26,2025 4:21 PM"
"@November 3,No,,,2024 3:36 AM",,2024 8:54 PM - Note",,No content,,"November 8,,No,,No,No,,,,,Not started,,,,,NT-48f0c09ccd0645988e572424e95c96a6,"April 26
"@November 8,"The reading seeks guidance on life's path,No,joy,addressing emotional blockages,No,2024 3:37 AM - Reading","AI,Wellness",utilizing a custom Quantum Spread to explore various dimensions. Key interpretations include letting go of burdens,embracing inner confidence,finding stability in supportive relationships,and celebrating victories. The overall message emphasizes a transformative journey towards clarity,and success through both inner work and external support.",No,,"November 8,2024 3:37 AM",,,,No,,⭐️⭐️⭐️⭐️,,,
McDonald’s receipt on Innovafloe card,2024,No,,is not a web note,,Technology,"Receipt details for a McDonald's transaction on an Innovafloe card,created on November 10,with a status of not started and last updated on April 26,2025. The entry is not marked as a favorite,and is archived or active.",No,"November 9,2024 9:52 PM",,No,,,No,,,,,Not started,,
"@November 10,Technology",,No,2025. The tracking URL is provided,,2024 3:45 AM -Tracking | UPS - United States ","AI,Innovation,"Tracking information for a UPS shipment indicates the status is not started,with an update noted on April 26,and the mood rating is five stars. The website uses cookies and analytics for user experience enhancement,and users can manage their preferences through Cookie Settings.",,"November 10,2024 3:45 AM",,No,https://www.ups.com/favicon.ico,No,Yes,⭐️⭐️⭐️⭐️⭐️,,,,Not started,
"@November 10,"Tracking status for a UPS shipment indicates it has not started,,2024 3:46 AM",No,,2024 3:46 AM -Tracking | UPS - United States ","Innovation,Technology",with an active tracking URL provided. The website uses cookies and analytics to enhance user experience,and users can manage their preferences through Cookie Settings.",,"November 10,,No,https://www.ups.com/favicon.ico,,No,Yes,⭐️⭐️⭐️⭐️⭐️,,,Not started,,,,
"@November 10,"Tracking status for a UPS shipment is not started,,2024 3:46 AM",No,,2024 3:46 AM -Tracking | UPS - United States ","Innovation,Technology",with a tracking URL provided. The website uses cookies and analytics to enhance user experience,and consent is required for data recording and sharing. Privacy preferences can be managed through Cookie Settings.",,"November 10,,No,https://www.ups.com/favicon.ico,,No,Yes,⭐️⭐️⭐️⭐️⭐️,,,Not started,,,,
"@November 10,Technology",Yes,"November 10,and confirmation messages are sent upon request submission.",,2024 3:47 AM -USPS.com® - USPS Tracking® Results ","AI,Innovation,"USPS tracking results indicate the status is not started,with options for receiving updates via text or email. Users can select types of notifications for package delivery and must provide their contact information to receive updates. Privacy policies regarding the use of personal information are outlined,No,,2024 3:46 AM",,No,https://tools.usps.com/go/favicon.ico,,No,,⭐️⭐️⭐️⭐️⭐️,,,Not started,,,
I'm on my way! Follow my Uber trip: https://trip.uber.com/1of1k5Gh5v,,,,,,,No content,No,"November 10,2024 11:30 AM",No,,No,No,,,,,Not started,,,,,NT-13af84a044028153bf3dfd2bb9288e80,"April 26,2025 4:21 PM"
"@November 11,Technology",No,,find a local provider and sign up using your Lifeline approval. The status is not started,⭐️⭐️⭐️⭐️⭐️,2024 5:28 AM -NV Flow - National Verifier - Consumer | lifeline | Q | status-successQ ","AI,Innovation,"If you have service,contact your provider to apply the Lifeline program. If you don't have service,and the URL for more information is provided.",No,"November 11,2024 5:28 AM",,No,https://getinternet.gov/cc8f2625db31034097a9f6531f961959.iix?&v=44cf4011dbbd169072159f95f396199d,,Yes,,,,,Not started,,
"@November 11,Wellness",,2024 5:40 AM",No,,2024 5:41 AM -Your application for benefits has been received. ","Agenda,Schedule,"Your application for SNAP/Cash Assistance has been received with confirmation number T198368355. You can print or request a mailed copy for 30 days from the Benefits Portal. Applications submitted before 4:30 PM ET are dated the same day; those after will be dated the next business day. An interview will be scheduled,and inquiries can be made after 5 working days by calling 1-800-403-0864. Additional forms for Authorized Representatives and Voter Registration are available online.",,"November 11,,No,https://fssabenefits.in.gov/bp/favicon.ico,,No,Yes,⭐️⭐️⭐️⭐️⭐️,,,Not started,,,,
,"Created on November 15,,and is archived or active.",with the last update on April 26,No,"Innovation,Strategy,Technology",2024,the status is not started,2025. The item is not marked as a favorite,is not a web note,No,,"November 15,2024 6:26 PM",,No,,No,,,,,,Not started
4.3.1 Receipts,is currently not started,No,"November 15,and is active. It includes an Amazon order reference number 113-8216253-8877846.",,Technology,"Receipt created on November 16,2024,updated on April 26,2025,No,,2024 7:39 PM",,No,,,Yes,,,,,Not started,,,
What is Notion,consectetur adipiscing elit,,2024 11:59 PM",No,,"Innovation,Technology","Lorem ipsum dolor sit amet,with a focus on various aspects of life and experiences,emphasizing the importance of balance and the interplay of different elements in achieving fulfillment.",,"November 17,,No,,,No,No,,,,Not started,,,,
New Note,with a focus on various aspects of life and experiences,,,,,,"Lorem ipsum dolor sit amet,consectetur adipiscing elit,emphasizing the importance of balance and harmony in daily activities.",No,"November 17,2024 11:59 PM",No,,,No,No,,,,Not started,,,,,
New Note,with a focus on various aspects of life and experiences,,,,,,"Lorem ipsum dolor sit amet,consectetur adipiscing elit,emphasizing the importance of balance and well-being amidst challenges and complexities.",No,"November 17,2024 11:59 PM",No,,,No,No,,,,Not started,,,,,
Work Summary 11/17/2024,"On November 17,,and following up on client X's feedback.",progressing on task B,No,"AI,Innovation,Technology",2024,tasks included completing task A,and scheduling a meeting for project C. Key accomplishments were finalizing a report for client X and resolving a critical bug in software Y. Challenges faced included delays in data from team Z and technical issues with video conferencing. Plans for the next day involve continuing work on task B,preparing a presentation for project C,No,,"November 18,2024 8:48 AM",,No,,Yes,,,,,,Not started
"eBay label ",is not started,,2024 11:22 AM",No,,Technology,"eBay label created on November 20,2024,and has not been archived or marked as a favorite. The label is currently inactive and was last updated on April 26,2025.",,"November 20,,No,,,No,No,,,,Not started,,,,
"@November 25,Technology",Yes,"November 25,and users can start taking orders once items are added and categories are established.",,2024 10:11 AM -Square Dashboard ","AI,Innovation,"Dashboard shows no sales or transactions recorded,with all key metrics indicating $0.00. The online store setup is ready,No,,2024 10:10 AM",,No,stn-evFNLNCHtDfrd858VWczqdiGbwNLpzrbEKcHN3Iw.png,,No,,⭐️⭐️⭐️⭐️⭐️,,,Not started,,,
QIP Partner Update 11/27/2024,"The partner update covers business performance metrics,"November 27,and ongoing projects. Key tasks,client status,No,"Agenda,Innovation,Strategy",including revenue figures,market position,and operational health. It highlights system updates in Zoho One,changes to business processes,administrative updates,challenges with proposed solutions,and strategic planning for short and long-term goals are also discussed,along with action items for follow-up.",No,,2024 2:46 PM",,,,Yes,No,,
ChatGPT Plus,No content,,No,"December 7,Not started,"AI,Innovation,Technology",No,,2024 6:21 PM",Best for creative writing and research tasks,,API Available,No,No,,,,,,,,,,NT-339cb3bb20ac4005a0f748b2d954df88
Notion AI,No content,,No,"December 7,Not started,"AI,Innovation,Technology",No,,2024 6:21 PM",Seamless integration with Notion workspace,,Native Notion,No,No,,,,,,,,,,NT-e2670359b5504ac0adfb950afbd00d18
Luis Notes,free Amazon Prime,No,,a mention of damaging a manicure set,,"Experiences,Wellness","Key points include free room and board,unrestricted use of resources,instant messaging capabilities,and free food.",No,"December 7,2024 6:51 PM",,No,,,No,,,,,Not started,,
Zai Test Note,,,,,,,No content,No,"December 7,2024 7:04 PM",No,,No,No,,,,,Not started,,,,,NT-156f84a0440280709b51dfb473951e14,"April 26,2025 4:21 PM"
TurboScribe - https://turboscribe.ai/,No content,,No,"December 7,Not started,"AI,Innovation,Technology",No,,2024 7:26 PM",,,,No,No,,,,,,,,,,NT-156f84a044028046bbeec122acb3d2bd
TurboScribe: Transcribe Audio and Video to Text,"TurboScribe is an AI transcription service offering unlimited audio and video transcription in over 98 languages with 99.8% accuracy. Users can upload large files (up to 10 hours and 5GB) and download transcripts in various formats. The service includes features like speaker recognition,most accurate AI transcriber on Earth. Export as PDF,,with no usage caps,TXT. The world's only unlimited transcription service. No caps or quotas. Unlimited minutes. Say goodbye to errors: Our AI transcription service boasts near-perfect accuracy. The only unlimited transcription service on Earth. No caps or quotas. Verbatim audio to text. Transcribe audio and video in seconds,"AI,Innovation,Technology",audio restoration,and translation to more than 130 languages. Subscription costs $10/month (yearly) or $20/month (monthly),allowing extensive transcription capabilities.",No,"December 7,2024 7:40 PM","Start Transcribing for Free — Convert unlimited audio and video files to accurate text. 99.8% accuracy. 98+ languages. Transcribes in seconds. 3 Free Transcripts Every Day. Download as docx,pdf,txt,and subtitles. Import audio and video files. Export accurate text and subtitles. TurboScribe is fastest,DOCX,subtitles (SRT),not days. Generate subtitles and transcripts automatically. Start transcribing for free. Upload audio and video files. Download accurate text and subtitles. Turn audio to text in seconds. Turn speech into accurate text. Get Started Free. Speech to text. Voice to text. Audio to text. Video to text. MP3 to text. Video to subtitles. Convert audio to text. Convert audio and video to accurate text in seconds,not days. Unlimited Minutes. Download as pdf,docx,txt,subtitles. Video to captions. Mind-blowing accuracy. Breathtakingly fast. Next-gen AI for lightning-fast,accurate transcriptions. Convert MP3 files to text. Get accurate transcripts in seconds
AI Voice Generator & Text to Speech,"The text outlines an AI voice generator and text-to-speech service that offers various subscription plans for individuals and businesses,No,billing,automatic dubbing,No,"AI,Innovation,Technology",allowing users to create premium AI voices in 29 languages with over 100 voices. Plans range from a free tier to a custom enterprise option,with features including voice cloning,and API access. Users can generate audio content with specific credit limits based on their chosen plan,and there are FAQs addressing usage,and technical support.",No,,"December 7,2024 7:42 PM",Rated the best text to speech (TTS) software online. Create premium AI voices for free and generate text to speech voiceovers in minutes with our character AI voice generator. Use free text to speech AI to convert text to mp3 in 29 languages with 100+ voices.,,,No,,,,,
AI News Digest | Substack,"AI News Digest offers daily updates on artificial intelligence topics,,No,and advancements from major companies like Google and OpenAI. It features articles on various developments such as generative AI in music,No,"AI,Innovation,Technology",including AI collaborations,copyright issues,new AI tools,and industry regulations.",,"December 7,2024 7:44 PM","Get smarter about AI in just 3 minutes per day. Click to read AI News Digest,a Substack publication with hundreds of subscribers.",No,,No,,,,,,Not started
Tool studio | Relevance AI,"Overview of various AI tools including a brand identity extractor,,and usage tutorials.",lead scoring and enrichment tools,No,"AI,Innovation,Technology",Google search tool,industry research tool,and a website scraper that summarizes content based on specific goals. Each tool includes details on its last run,modifications,No,,"December 7,2024 8:43 PM",,No,,No,,,,,,Not started
AI Image Upscaler - Enlarge & Enhance Your Photos for Free,"Upscale.media is an AI-powered tool that enhances image quality by upscaling low-resolution images up to 4 times without losing detail. Users can upload various image formats,No,or 8X. The service allows bulk image processing and is free to use,and HEIC,No,"AI,Innovation,Technology",including PNG,JPEG,and choose resolutions of 2X,4X,making it easy to improve image quality quickly and effectively.",No,,"December 7,2024 9:05 PM",Upscale images to 2x or 4x without losing textures or details with our AI tool. The Best AI Image Upscaler for stunning visuals. Try Upscale.media now!,,,No,,,,,
character.ai | Personalized AI for every moment of your day,"http://character.ai/ offers personalized AI interactions with various characters,and remember you. Free to use with no ads.",No,and provides creative assistance,,"AI,Innovation,Technology",allowing users to chat with intelligent bots that understand and remember them. The platform is free to use,ad-free,brainstorming support,and various character options for different scenarios and genres.",,"December 7,2024 9:51 PM","Chat with millions of AI Characters anytime,anywhere. Super-intelligent chat bots that hear you,understand you,No,,No,No,,,,
Anomi | Nomi.ai,"A conversation between two individuals,,2024 9:53 PM",No,,"AI,Strategy,Wellness",where one expresses feelings of struggle and loneliness in business,seeking guidance. The other offers support and suggests starting by discussing both short-term and long-term goals to create a plan for improvement.",,"December 7,,No,,,No,No,,,,Not started,,,,
Try for free - AI Music Generator SOUNDRAW,"Create AI-generated music for free on SOUNDRAW,No,"Start creating AI-generated music on SOUNDRAW for free. Dive into the world of music production without any upfront cost. Create,,,"AI,Innovation,Technology",allowing users to experiment and personalize tracks without upfront costs. Music made with the free version is for in-app use only.",No,"December 7,2024 11:14 PM",edit,and personalize your tracks seamlessly—perfect for experimenting and finding your sound. Keep in mind,music created with the free version is available for in-app use only.",No,,,No,,,,,Not started,,
Add International Call Prefix | Tips - Zoho CRM,which also cleans the input by removing non-numeric characters. The setup involves creating a function in the CRM,,2024 1:09 AM",No,,"Innovation,Technology","Zoho CRM allows users to automatically add the international call prefix '+' to phone numbers through a custom function,associating it with the Leads module,and using provided code to implement the changes.",,"December 9,"Learn more on adding the international call prefix ""+"" to a phone number automatically through a function.",No,,,No,No,,,,Not started,,,,
Custom Buttons | Tips - Zoho CRM,such as sending price quotes or converting leads. Users can create and configure these buttons to streamline workflows,No,"December 9,enhancing efficiency and saving time.",,"Innovation,Technology","Custom buttons in Zoho CRM allow users to execute unique actions quickly,connect to third-party apps,and perform predefined actions with a single click,No,,2024 1:09 AM",Create and use custom buttons to execute unique actions as per your requirements.,No,,,No,,,,,Not started,,,
Transfer Record Info based on Criteria | Tips - Zoho CRM,"The function allows transferring record information between modules based on user-defined criteria,,,and using workflow rules to trigger actions. Detailed steps and code snippets are provided for transferring data from leads to custom modules and between custom modules,,"AI,Innovation,Technology",enhancing business automation. It involves creating custom modules,setting up picklists,emphasizing the importance of tracking customer interactions accurately.",No,"December 9,2024 1:09 AM","This cool function lets you transfer information about a record from one module to another,based on specific user-defined criteria.",No,,No,No,,,,,Not started,
Customize Deal Stage Field | Tips - Zoho CRM,"You can customize the Deal Stage pick-list values in Zoho CRM to match your unique sales process,,or delete stages and set probabilities accordingly.",select the layout,No,"AI,Strategy,Technology",including editing stages and probability values. To modify,navigate to Setup > Customization > Modules and Fields,and access Stage Probability Mapping to add,modify,No,,"December 9,2024 1:10 AM",Customize the Deal Stage pick-list values in your Zoho CRM account.,No,,No,,,,,,Not started
Lead Scores | Tips - Zoho CRM,"Use scoring rules in Zoho CRM to prioritize lead follow-up by assigning higher scores to leads based on specific criteria,,2024 1:10 AM",No,,"AI,Strategy,Technology",such as industry or revenue. Edit the Today's Leads view to include a Score column to focus on high-scoring leads first,enhancing time management and conversion chances.",,"December 9,Use scoring rules to add scores and prioritize your lead follow-up in Zoho CRM.,No,,,No,No,,,,Not started,,,,
Auto update Account info across CRM | Tips - Zoho CRM,"A custom function in Zoho CRM allows for automatic updates of account information across related modules,,No,provide a name,No,"AI,Innovation,Technology",such as Contacts. To implement this,users need to configure the function in the setup,associate it with the Accounts module,and use the provided code to ensure related records are updated accordingly. This enhances data accuracy and efficiency when managing leads and accounts.",,"December 9,2024 1:10 AM","Learn more on auto-updating the related records in other modules when you update an account,through a function.",No,,No,,,,,,Not started
Create Quote from Deal | Tips - Zoho CRM,"Create a Quote from the Deals module in Zoho CRM with a single button click,,"Learn more on creating a Quote directly from the Deals module at the click of a button,,,"Innovation,Strategy,Technology",streamlining the process by associating product details and updating inventory simultaneously. Instructions include setting up a new button in the Deals module and using provided code to automate Quote creation.",No,"December 9,2024 1:10 AM",through a function.",No,,,No,No,,,,Not started,,,,
Unique Fields | Tips - Zoho CRM,mark fields as unique in Zoho CRM,,2024 1:10 AM",No,,"Innovation,Technology","To maintain a clean CRM system and avoid duplicate records,such as email addresses or identification numbers. This prevents the creation of duplicates from various sources. Additionally,establish standard data entry formats for consistent reporting and reduced human error.",,"December 9,Create Unique Fields to avoid duplicate records from multiple lead sources in Zoho CRM.,No,,,No,No,,,,Not started,,,,
Jane’s Birthday Gift Ideas,Technology",,tech gadgets like an e-reader or smart home device,experiences such as a spa day or cooking class,,"Books,Experiences,Jewelry,"Gift ideas for Jane's 34th birthday include books like ""The Midnight Library"" and ""Where the Crawdads Sing,"" personalized jewelry,art supplies,subscription services for books or streaming,home décor items like personalized photo frames and scented candles,and fitness gear including a fitness tracker and workout clothes.",No,,"December 27,2024 12:29 AM",No,,No,No,,,,
Michael Brown Investment Strategy,"Michael Brown's investment strategy focuses on diversification across sectors,,networking for opportunities,data-driven decision-making,,"Innovation,Investment,Strategy",innovation in technology,sustainable investments,active management,a long-term perspective,and a commitment to continuous education. This holistic approach aims for robust financial returns while aligning with modern investment principles,emphasizing ethical and forward-thinking practices.",No,,"December 27,2024 12:29 AM",No,,No,No,,,,
Call w/John Doe,"John feels stagnant in his role as Sales Manager and is seeking new challenges,,No,tailor his applications,,"AI,Strategy,Technology",considering senior positions at potential companies. He has strong sales skills and is enhancing his qualifications through courses. Concerns about job security and company culture are present,alongside personal factors like family needs and work-life balance. He plans to research companies,and continue networking,with a follow-up call scheduled to discuss his progress. John is motivated to transition to a role that offers greater growth opportunities.",,"December 27,2024 12:29 AM",,No,,No,No,,,,,Not started,
Family Reunion Agenda,"Family reunion scheduled for June 10-11,2024 12:29 AM",dinner,family history presentation,,"Agenda,Family,Reunion",2024,includes breakfast,lunch,games,brunch,a photo session,and free time for exploring the city.",No,,"December 27,,No,,No,No,,,
New Note,is not started and remains active. A meeting occurred where the week was discussed,,2024 12:25 PM",No,,,"Note created on December 27,2024,water was shared,and music was listened to.",,"December 27,,No,,,No,No,,,,Not started,,,,